"client_id","client_firstname","client_lastname","client_email","client_phone","client_city","age"
100833,Chris,Black,Black_Chris@supermail.com,"11111111111",Moscow,18
101838,Dilan,Black,Black_Dilan@supermail.com,"11111111112",NewYork,19
101968,Dmitry,Black,Black_Dmitry@supermail.com,"11111111113",London,20
103716,Don,Black,Black_Don@supermail.com,"11111111114",Denver,21
104924,Elsa,Black,Black_Elsa@supermail.com,"11111111115",Seattle,22
110717,Elsa,Black,Black_Elsa1@supermail.com,"11111111116",London,23
111084,Emma,Black,Black_Emma@supermail.com,"11111111117",Moscow,24
117785,Golgy,Black,Black_Golgy@supermail.com,"11111111118",Miami,25
118555,Gwen,Black,Black_Gwen@supermail.com,"11111111119",Sochi,26
120276,Jeffrey,Black,Black_Jeffrey@supermail.com,"11111111120",Murmansk,27
123878,John,Black,Black_John@supermail.com,"11111111121",LosAngeles,28
125200,June,Black,Black_June@supermail.com,"11111111122",Rome,29
125747,Lusi,Black,Black_Lusi@supermail.com,"11111111123",Riga,30
125904,Mirco,Black,Black_Mirco@supermail.com,"11111111124",Minsk,31
127251,Morgan,Black,Black_Morgan@supermail.com,"11111111125",London,32
128144,Odin,Black,Black_Odin@supermail.com,"11111111126",Moscow,33
128573,Tim,Black,Black_Tim@supermail.com,"11111111127",Munich,34
128690,Tony,Black,Black_Tony@supermail.com,"11111111128",Praga,35
129298,Wendy,Black,Black_Wendy@supermail.com,"11111111129",Nice,36
130781,Wong,Black,Black_Wong@supermail.com,"11111111130",Paris,37
132547,Amanda,Blue,Blue_Amanda@supermail.com,"11111111131",Seattle,38
142383,Dandy,Blue,Blue_Dandy@supermail.com,"11111111132",Miami,39
143737,Donny,Blue,Blue_Donny@supermail.com,"11111111133",Moscow,40
151440,Eddy,Blue,Blue_Eddy@supermail.com,"11111111134",Perm,41
153842,Emma,Blue,Blue_Emma@supermail.com,"11111111135",Dallas,42
153975,Endy,Blue,Blue_Endy@supermail.com,"11111111136",NewYork,43
154559,Gleb,Blue,Blue_Gleb@supermail.com,"11111111137",London,44
155562,Hanry,Blue,Blue_Hanry@supermail.com,"11111111138",Moscow,45
155633,Hanry,Blue,Blue_Hanry1@supermail.com,"11111111139",Singapore,46
155687,Joel,Blue,Blue_Joel@supermail.com,"11111111140",Dallas,47
156789,Kristina,Blue,Blue_Kristina@supermail.com,"11111111141",Moscow,48
158342,Lusi,Blue,Blue_Lusi@supermail.com,"11111111142",NewYork,49
160034,Maria,Blue,Blue_Maria@supermail.com,"11111111143",London,50
160663,Marina,Blue,Blue_Marina@supermail.com,"11111111144",Denver,51
160843,Mary,Blue,Blue_Mary@supermail.com,"11111111145",Seattle,52
162194,Odin,Blue,Blue_Odin@supermail.com,"11111111146",London,53
163779,Oleg,Blue,Blue_Oleg@supermail.com,"11111111147",Moscow,54
164969,Pavel,Blue,Blue_Pavel@supermail.com,"11111111148",Miami,55
168341,Thomas,Blue,Blue_Thomas@supermail.com,"11111111149",Sochi,56
170691,Wendy,Blue,Blue_Wendy@supermail.com,"11111111150",Murmansk,57
173004,Adam,Brown,Brown_Adam@supermail.com,"11111111151",LosAngeles,58
173228,Barbie,Brown,Brown_Barbie@supermail.com,"11111111152",Rome,59
175259,Bill,Brown,Brown_Bill@supermail.com,"11111111153",Riga,60
177723,Dmitry,Brown,Brown_Dmitry@supermail.com,"11111111154",Minsk,61
178176,Endy,Brown,Brown_Endy@supermail.com,"11111111155",London,62
183001,Hanry,Brown,Brown_Hanry@supermail.com,"11111111156",Moscow,63
184628,Igor,Brown,Brown_Igor@supermail.com,"11111111157",Munich,64
186762,Ivan,Brown,Brown_Ivan@supermail.com,"11111111158",Praga,65
186815,John,Brown,Brown_John@supermail.com,"11111111159",Nice,66
187343,Kimi,Brown,Brown_Kimi@supermail.com,"11111111160",Paris,67
189902,Klimence,Brown,Brown_Klimence@supermail.com,"11111111161",Seattle,68
192807,Liana,Brown,Brown_Liana@supermail.com,"11111111162",Miami,69
192997,Margarita,Brown,Brown_Margarita@supermail.com,"11111111163",Moscow,70
194898,Miranda,Brown,Brown_Miranda@supermail.com,"11111111164",Perm,71
194935,Olly,Brown,Brown_Olly@supermail.com,"11111111165",Dallas,72
195186,Taras,Brown,Brown_Taras@supermail.com,"11111111166",NewYork,73
195508,Tim,Brown,Brown_Tim@supermail.com,"11111111167",London,74
196352,Tom,Brown,Brown_Tom@supermail.com,"11111111168",Moscow,75
197676,Wendy,Brown,Brown_Wendy@supermail.com,"11111111169",Singapore,76
199942,William,Brown,Brown_William@supermail.com,"11111111170",Dallas,40
202676,Boby,Gold,Gold_Boby@supermail.com,"11111111171",Moscow,41
206338,Denis,Gold,Gold_Denis@supermail.com,"11111111172",NewYork,42
206348,Don,Gold,Gold_Don@supermail.com,"11111111173",London,43
207231,Elle,Gold,Gold_Elle@supermail.com,"11111111174",Denver,44
207872,Elly,Gold,Gold_Elly@supermail.com,"11111111175",Seattle,45
208031,Emma,Gold,Gold_Emma@supermail.com,"11111111176",London,46
213071,Goran,Gold,Gold_Goran@supermail.com,"11111111177",Moscow,47
214662,Holy,Gold,Gold_Holy@supermail.com,"11111111178",Miami,48
215553,Jack,Gold,Gold_Jack@supermail.com,"11111111179",Sochi,49
218833,Jana,Gold,Gold_Jana@supermail.com,"11111111180",Murmansk,50
219151,Liza,Gold,Gold_Liza@supermail.com,"11111111181",LosAngeles,51
220214,Marina,Gold,Gold_Marina@supermail.com,"11111111182",Rome,52
221050,Oleg,Gold,Gold_Oleg@supermail.com,"11111111183",Riga,53
221327,Paul,Gold,Gold_Paul@supermail.com,"11111111184",Minsk,54
222109,Thomas,Gold,Gold_Thomas@supermail.com,"11111111185",London,55
222807,Tim,Gold,Gold_Tim@supermail.com,"11111111186",Moscow,56
224123,Tom,Gold,Gold_Tom@supermail.com,"11111111187",Munich,57
224282,Tom,Gold,Gold_Tom1@supermail.com,"11111111188",Praga,58
226933,Victor,Gold,Gold_Victor@supermail.com,"11111111189",Nice,59
227327,Zerg,Gold,Gold_Zerg@supermail.com,"11111111190",Paris,60
229215,Alex,Green,Green_Alex@supermail.com,"11111111191",Seattle,61
230873,Anna,Green,Green_Anna@supermail.com,"11111111192",Miami,62
233508,Bill,Green,Green_Bill@supermail.com,"11111111193",Moscow,28
234033,Chris,Green,Green_Chris@supermail.com,"11111111194",Perm,29
234909,Dmitry,Green,Green_Dmitry@supermail.com,"11111111195",Dallas,30
238540,Don,Green,Green_Don@supermail.com,"11111111196",NewYork,31
240126,Eddy,Green,Green_Eddy@supermail.com,"11111111197",London,32
243632,Elly,Green,Green_Elly@supermail.com,"11111111198",Moscow,33
245266,Frenzies,Green,Green_Frenzies@supermail.com,"11111111199",Singapore,34
246364,Greg,Green,Green_Greg@supermail.com,"11111111200",Dallas,35
250733,Jana,Green,Green_Jana@supermail.com,"11111111201",Moscow,36
253820,Kimi,Green,Green_Kimi@supermail.com,"11111111202",NewYork,37
255008,Mary,Green,Green_Mary@supermail.com,"11111111203",London,38
255887,Michael,Green,Green_Michael@supermail.com,"11111111204",Denver,39
258115,Mosam,Green,Green_Mosam@supermail.com,"11111111205",Seattle,40
259582,Svetlana,Green,Green_Svetlana@supermail.com,"11111111206",London,41
259744,Tom,Green,Green_Tom@supermail.com,"11111111207",Moscow,42
260062,Tommy,Green,Green_Tommy@supermail.com,"11111111208",Miami,43
260135,Vasil,Green,Green_Vasil@supermail.com,"11111111209",Sochi,44
260831,Wendy,Green,Green_Wendy@supermail.com,"11111111210",Murmansk,45
260906,Addy,Grey,Grey_Addy@supermail.com,"11111111211",LosAngeles,46
260982,Alex,Grey,Grey_Alex@supermail.com,"11111111212",Rome,31
261238,Amanda,Grey,Grey_Amanda@supermail.com,"11111111213",Riga,32
261411,Any,Grey,Grey_Any@supermail.com,"11111111214",Minsk,33
261474,Diana,Grey,Grey_Diana@supermail.com,"11111111215",London,34
263107,Diana,Grey,Grey_Diana1@supermail.com,"11111111216",Moscow,35
263690,Dmitry,Grey,Grey_Dmitry@supermail.com,"11111111217",Munich,36
264390,Franz,Grey,Grey_Franz@supermail.com,"11111111218",Praga,37
264826,Frea,Grey,Grey_Frea@supermail.com,"11111111219",Nice,38
266716,Genger,Grey,Grey_Genger@supermail.com,"11111111220",Paris,39
268775,Georg,Grey,Grey_Georg@supermail.com,"11111111221",Seattle,40
269083,Goldy,Grey,Grey_Goldy@supermail.com,"11111111222",Miami,41
270808,Greg,Grey,Grey_Greg@supermail.com,"11111111223",Moscow,42
274057,Greg,Grey,Grey_Greg1@supermail.com,"11111111224",Perm,43
276585,Gwen,Grey,Grey_Gwen@supermail.com,"11111111225",Dallas,44
277469,June,Grey,Grey_June@supermail.com,"11111111226",NewYork,35
286598,Kim,Grey,Grey_Kim@supermail.com,"11111111227",London,36
289188,Luis,Grey,Grey_Luis@supermail.com,"11111111228",Moscow,37
290253,Tim,Grey,Grey_Tim@supermail.com,"11111111229",Singapore,38
300238,Willy,Grey,Grey_Willy@supermail.com,"11111111230",Dallas,39
300290,Alex,Orange,Orange_Alex@supermail.com,"11111111231",Moscow,40
301437,Alex,Orange,Orange_Alex1@supermail.com,"11111111232",NewYork,41
301553,Atlas,Orange,Orange_Atlas@supermail.com,"11111111233",London,42
305487,Chloe,Orange,Orange_Chloe@supermail.com,"11111111234",Denver,43
305607,Chloe,Orange,Orange_Chloe1@supermail.com,"11111111235",Seattle,44
306316,Don,Orange,Orange_Don@supermail.com,"11111111236",London,45
311479,Don,Orange,Orange_Don1@supermail.com,"11111111237",Moscow,46
313580,Donald,Orange,Orange_Donald@supermail.com,"11111111238",Miami,47
316452,Eddy,Orange,Orange_Eddy@supermail.com,"11111111239",Sochi,48
318880,Elly,Orange,Orange_Elly@supermail.com,"11111111240",Murmansk,49
319407,Harold,Orange,Orange_Harold@supermail.com,"11111111241",LosAngeles,50
321750,Hasard,Orange,Orange_Hasard@supermail.com,"11111111242",Rome,51
324466,Julia,Orange,Orange_Julia@supermail.com,"11111111243",Riga,22
324902,July,Orange,Orange_July@supermail.com,"11111111244",Minsk,23
328979,Lisa,Orange,Orange_Lisa@supermail.com,"11111111245",London,24
330295,Mary,Orange,Orange_Mary@supermail.com,"11111111246",Moscow,25
330628,Merry,Orange,Orange_Merry@supermail.com,"11111111247",Munich,26
331275,Oly,Orange,Orange_Oly@supermail.com,"11111111248",Praga,27
334847,Robert,Orange,Orange_Robert@supermail.com,"11111111249",Nice,28
336011,Willy,Orange,Orange_Willy@supermail.com,"11111111250",Paris,29
339006,Amanda,Purple,Purple_Amanda@supermail.com,"11111111251",Seattle,30
340169,Artur,Purple,Purple_Artur@supermail.com,"11111111252",Miami,31
340706,Basil,Purple,Purple_Basil@supermail.com,"11111111253",Moscow,32
341005,Eddy,Purple,Purple_Eddy@supermail.com,"11111111254",Perm,33
347062,Georg,Purple,Purple_Georg@supermail.com,"11111111255",Dallas,34
347184,Gwen,Purple,Purple_Gwen@supermail.com,"11111111256",NewYork,35
348471,Jit,Purple,Purple_Jit@supermail.com,"11111111257",London,36
348529,Julia,Purple,Purple_Julia@supermail.com,"11111111258",Moscow,37
349458,Julia,Purple,Purple_Julia1@supermail.com,"11111111259",Singapore,38
352444,Maria,Purple,Purple_Maria@supermail.com,"11111111260",Dallas,39
354765,Mike,Purple,Purple_Mike@supermail.com,"11111111261",Moscow,40
359631,Oly,Purple,Purple_Oly@supermail.com,"11111111262",NewYork,41
359953,Pavel,Purple,Purple_Pavel@supermail.com,"11111111263",London,42
366589,Sergio,Purple,Purple_Sergio@supermail.com,"11111111264",Denver,43
366852,Simon,Purple,Purple_Simon@supermail.com,"11111111265",Seattle,44
368264,Sten,Purple,Purple_Sten@supermail.com,"11111111266",London,45
369610,Tim,Purple,Purple_Tim@supermail.com,"11111111267",Moscow,46
369830,Tim,Purple,Purple_Tim1@supermail.com,"11111111268",Miami,47
374356,Wendy,Purple,Purple_Wendy@supermail.com,"11111111269",Sochi,48
375531,Will,Purple,Purple_Will@supermail.com,"11111111270",Murmansk,49
378691,Alex,Silver,Silver_Alex@supermail.com,"11111111271",LosAngeles,50
379535,Atlas,Silver,Silver_Atlas@supermail.com,"11111111272",Rome,51
380741,Clim,Silver,Silver_Clim@supermail.com,"11111111273",Riga,52
382596,Den,Silver,Silver_Den@supermail.com,"11111111274",Minsk,53
382643,Dmirty,Silver,Silver_Dmirty@supermail.com,"11111111275",London,54
384809,Elsa,Silver,Silver_Elsa@supermail.com,"11111111276",Moscow,55
392929,Emma,Silver,Silver_Emma@supermail.com,"11111111277",Munich,56
393273,Emma,Silver,Silver_Emma1@supermail.com,"11111111278",Praga,57
394952,Freddy,Silver,Silver_Freddy@supermail.com,"11111111279",Nice,58
394997,Freddy,Silver,Silver_Freddy1@supermail.com,"11111111280",Paris,59
398186,Fredy,Silver,Silver_Fredy2@supermail.com,"11111111281",Seattle,60
398266,Gwen,Silver,Silver_Gwen@supermail.com,"11111111282",Miami,61
399420,Ivan,Silver,Silver_Ivan@supermail.com,"11111111283",Moscow,62
400445,John,Silver,Silver_John@supermail.com,"11111111284",Perm,63
400566,Julia,Silver,Silver_Julia@supermail.com,"11111111285",Dallas,64
402675,Olly,Silver,Silver_Olly@supermail.com,"11111111286",NewYork,65
404138,Oly,Silver,Silver_Oly1@supermail.com,"11111111287",London,66
405252,Sergio,Silver,Silver_Sergio@supermail.com,"11111111288",Moscow,29
406266,Tom,Silver,Silver_Tom@supermail.com,"11111111289",Singapore,30
408965,William,Silver,Silver_William@supermail.com,"11111111290",Dallas,31
411200,Alex,White,White_Alex@supermail.com,"11111111291",Moscow,32
415242,Alex,White,White_Alex1@supermail.com,"11111111292",NewYork,33
416084,Artur,White,White_Artur@supermail.com,"11111111293",London,34
418541,Bill,White,White_Bill@supermail.com,"11111111294",Denver,35
418629,Eva,White,White_Eva@supermail.com,"11111111295",Seattle,36
421348,Harold,White,White_Harold@supermail.com,"11111111296",London,37
422213,Harry,White,White_Harry@supermail.com,"11111111297",Moscow,38
422831,Holy,White,White_Holy@supermail.com,"11111111298",Miami,39
423985,John,White,White_John@supermail.com,"11111111299",Sochi,40
424209,Jun,White,White_Jun@supermail.com,"11111111300",Murmansk,41
424388,Luis,White,White_Luis@supermail.com,"11111111301",LosAngeles,42
425716,Margo,White,White_Margo@supermail.com,"11111111302",Rome,43
427115,Merry,White,White_Merry@supermail.com,"11111111303",Riga,44
427407,Oleg,White,White_Oleg@supermail.com,"11111111304",Minsk,45
428261,Sergio,White,White_Sergio@supermail.com,"11111111305",London,46
429366,Sussana,White,White_Sussana@supermail.com,"11111111306",Moscow,47
432692,Tim,White,White_Tim@supermail.com,"11111111307",Munich,48
433147,Tom,White,White_Tom1@supermail.com,"11111111308",Praga,49
434079,Victor,White,White_Victor@supermail.com,"11111111309",Nice,50
434422,Wendy,White,White_Wendy@supermail.com,"11111111310",Paris,51
434684,Addy,Yellow,Yellow_Addy@supermail.com,"11111111311",Seattle,52
434693,Andy,Yellow,Yellow_Andy1@supermail.com,"11111111312",Miami,53
440942,Anna,Yellow,Yellow_Anna@supermail.com,"11111111313",Moscow,54
444191,Atlas,Yellow,Yellow_Atlas@supermail.com,"11111111314",Perm,55
444755,Chang,Yellow,Yellow_Chang@supermail.com,"11111111315",Dallas,56
445521,Dmitry,Yellow,Yellow_Dmitry@supermail.com,"11111111316",NewYork,57
446862,Dmitry,Yellow,Yellow_Dmitry1@supermail.com,"11111111317",London,58
446969,Donald,Yellow,Yellow_Donald@supermail.com,"11111111318",Moscow,59
448085,Donny,Yellow,Yellow_Donny@supermail.com,"11111111319",Singapore,60
451033,Eddy,Yellow,Yellow_Eddy@supermail.com,"11111111320",Dallas,61
451502,Emma,Yellow,Yellow_Emma@supermail.com,"11111111321",Miami,62
454218,Genger,Yellow,Yellow_Genger@supermail.com,"11111111322",Moscow,32
456804,Igor,Yellow,Yellow_Igor@supermail.com,"11111111323",Perm,33
456874,Inna,Yellow,Yellow_Inna@supermail.com,"11111111324",Dallas,34
457512,Lisa,Yellow,Yellow_Lisa@supermail.com,"11111111325",NewYork,35
460320,Serg,Yellow,Yellow_Serg@supermail.com,"11111111326",London,36
464909,Tom,Yellow,Yellow_Tom@supermail.com,"11111111327",Moscow,37
469764,William,Yellow,Yellow_William@supermail.com,"11111111328",Singapore,38
470033,Woddy,Yellow,Yellow_Woddy@supermail.com,"11111111329",Dallas,39
471720,Zerg,Yellow,Yellow_Zerg@supermail.com,"11111111330",Moscow,40
472000,Chris,Lime,Lime_Chris@supermail.com,"11111111331",Moscow,41
472390,Dilan,Pink,Pink_Dilan@supermail.com,"11111111332",NewYork,42
472688,Dmitry,Rose,Rose_Dmitry@supermail.com,"11111111333",London,43
474378,Don,Deepblue,Deepblue_Don@supermail.com,"11111111334",Denver,44
475086,Elsa,Antracit,Antracit_Elsa@supermail.com,"11111111335",Seattle,45
475408,Elsa,Paprica,Paprica_Elsa@supermail.com,"11111111336",London,46
477098,Emma,Chili,Chili_Emma@supermail.com,"11111111337",Moscow,47
480905,Golgy,Banana,Banana_Golgy@supermail.com,"11111111338",Miami,48
481470,Gwen,Kumkwat,Kumkwat_Gwen@supermail.com,"11111111339",Sochi,49
482360,Jeffrey,Dorie,Dorie_Jeffrey@supermail.com,"11111111340",Murmansk,50
483227,John,Jason,Jason_John@supermail.com,"11111111341",LosAngeles,51
485368,June,Fish,Fish_June@supermail.com,"11111111342",Rome,52
486602,Lusi,Mellon,Mellon_Lusi@supermail.com,"11111111343",Riga,53
487055,Mirco,Orbi,Orbi_Mirco@supermail.com,"11111111344",Minsk,54
487543,Morgan,Danten,Danten_Morgan@supermail.com,"11111111345",London,18
488795,Odin,Izi,Izi_Odin@supermail.com,"11111111346",Moscow,19
488878,Tim,Uzi,Uzi_Tim@supermail.com,"11111111347",Munich,20
488998,Tony,Nike,Nike_Tony@supermail.com,"11111111348",Praga,21
496037,Wendy,Tweny,Tweny_Wendy@supermail.com,"11111111349",Nice,22
78666,Atlas,Vernt,Vernt_Atlas@supermail.com,"11111111534",Perm,50
50094,Wong,Doll,Doll_Wong@supermail.com,"11111111350",Paris,23
50111,Amanda,Triple,Triple_Amanda@supermail.com,"11111111351",Seattle,24
50265,Dandy,Duck,Duck_Dandy@supermail.com,"11111111352",Miami,25
50728,Donny,Uchi,Uchi_Donny@supermail.com,"11111111353",Moscow,26
51145,Eddy,Vernt,Vernt_Eddy@supermail.com,"11111111354",Perm,27
51164,Emma,Trulli,Trulli_Emma@supermail.com,"11111111355",Dallas,28
51223,Endy,Gardi,Gardi_Endy@supermail.com,"11111111356",NewYork,29
51553,Gleb,Dime,Dime_Gleb@supermail.com,"11111111357",London,30
51918,Hanry,Notting,Notting_Hanry@supermail.com,"11111111358",Moscow,31
52052,Hanry,Button,Button_Hanry@supermail.com,"11111111359",Singapore,32
52060,Joel,Tailor,Tailor_Joel@supermail.com,"11111111360",Dallas,33
52139,Kristina,Swift,Swift_Kristina@supermail.com,"11111111361",Moscow,34
52186,Lusi,Orc,Orc_Lusi@supermail.com,"11111111362",NewYork,35
52235,Maria,Orchi,Orchi_Maria@supermail.com,"11111111363",London,36
52401,Marina,Mellanie,Mellanie_Marina@supermail.com,"11111111364",Denver,37
52950,Mary,Santa,Santa_Mary@supermail.com,"11111111365",Seattle,38
53210,Odin,Clover,Clover_Odin@supermail.com,"11111111366",London,39
53250,Oleg,Lime,Lime_Oleg@supermail.com,"11111111367",Moscow,40
53409,Pavel,Pink,Pink_Pavel@supermail.com,"11111111368",Miami,41
53462,Thomas,Rose,Rose_Thomas@supermail.com,"11111111369",Sochi,42
53744,Wendy,Deepblue,Deepblue_Wendy@supermail.com,"11111111370",Murmansk,43
53987,Adam,Antracit,Antracit_Adam@supermail.com,"11111111371",LosAngeles,44
54112,Barbie,Paprica,Paprica_Barbie@supermail.com,"11111111372",Rome,45
54294,Bill,Chili,Chili_Bill@supermail.com,"11111111373",Riga,46
54409,Dmitry,Banana,Banana_Dmitry@supermail.com,"11111111374",Minsk,47
54837,Endy,Kumkwat,Kumkwat_Endy@supermail.com,"11111111375",London,48
54904,Hanry,Dorie,Dorie_Hanry@supermail.com,"11111111376",Moscow,49
55001,Igor,Jason,Jason_Igor@supermail.com,"11111111377",Munich,50
55135,Ivan,Fish,Fish_Ivan@supermail.com,"11111111378",Praga,51
55194,John,Mellon,Mellon_John@supermail.com,"11111111379",Nice,52
55362,Kimi,Orbi,Orbi_Kimi@supermail.com,"11111111380",Paris,53
55382,Klimence,Danten,Danten_Klimence@supermail.com,"11111111381",Seattle,54
55517,Liana,Izi,Izi_Liana@supermail.com,"11111111382",Miami,55
55621,Margarita,Uzi,Uzi_Margarita@supermail.com,"11111111383",Moscow,56
55637,Miranda,Nike,Nike_Miranda@supermail.com,"11111111384",Perm,57
55671,Olly,Tweny,Tweny_Olly@supermail.com,"11111111385",Dallas,58
55679,Taras,Doll,Doll_Taras@supermail.com,"11111111386",NewYork,59
55797,Tim,Triple,Triple_Tim@supermail.com,"11111111387",London,60
55877,Tom,Duck,Duck_Tom@supermail.com,"11111111388",Moscow,61
55912,Wendy,Uchi,Uchi_Wendy@supermail.com,"11111111389",Singapore,62
56129,William,Vernt,Vernt_William@supermail.com,"11111111390",Dallas,63
57116,Boby,Trulli,Trulli_Boby@supermail.com,"11111111391",Moscow,64
57751,Denis,Gardi,Gardi_Denis@supermail.com,"11111111392",NewYork,19
57830,Don,Dime,Dime_Don@supermail.com,"11111111393",London,20
57936,Elle,Notting,Notting_Elle@supermail.com,"11111111394",Denver,22
58084,Elly,Button,Button_Elly@supermail.com,"11111111395",Seattle,23
58099,Emma,Tailor,Tailor_Emma@supermail.com,"11111111396",London,25
58143,Goran,Swift,Swift_Goran@supermail.com,"11111111397",Moscow,26
58373,Holy,Orc,Orc_Holy@supermail.com,"11111111398",Miami,35
58880,Jack,Orchi,Orchi_Jack@supermail.com,"11111111399",Sochi,40
59108,Jana,Mellanie,Mellanie_Jana@supermail.com,"11111111400",Murmansk,18
59111,Liza,Santa,Santa_Liza@supermail.com,"11111111401",LosAngeles,19
59169,Marina,Clover,Clover_Marina@supermail.com,"11111111402",Rome,20
59264,Oleg,Lime,Lime_Oleg@supermail.com,"11111111403",Riga,21
59311,Paul,Pink,Pink_Paul@supermail.com,"11111111404",Minsk,22
59383,Thomas,Rose,Rose_Thomas@supermail.com,"11111111405",London,23
59392,Tim,Deepblue,Deepblue_Tim@supermail.com,"11111111406",Moscow,24
60003,Tom,Antracit,Antracit_Tom@supermail.com,"11111111407",Munich,25
60113,Tom,Paprica,Paprica_Tom@supermail.com,"11111111408",Praga,26
60230,Victor,Chili,Chili_Victor@supermail.com,"11111111409",Nice,27
60367,Zerg,Banana,Banana_Zerg@supermail.com,"11111111410",Paris,28
60388,Alex,Kumkwat,Kumkwat_Alex@supermail.com,"11111111411",Seattle,29
60549,Anna,Dorie,Dorie_Anna@supermail.com,"11111111412",Miami,30
60747,Bill,Jason,Jason_Bill@supermail.com,"11111111413",Moscow,31
60779,Chris,Fish,Fish_Chris@supermail.com,"11111111414",Perm,32
60833,Dmitry,Mellon,Mellon_Dmitry@supermail.com,"11111111415",Dallas,33
60988,Don,Orbi,Orbi_Don@supermail.com,"11111111416",NewYork,34
60996,Eddy,Danten,Danten_Eddy@supermail.com,"11111111417",London,35
61008,Elly,Izi,Izi_Elly@supermail.com,"11111111418",Moscow,36
61057,Frenzies,Uzi,Uzi_Frenzies@supermail.com,"11111111419",Singapore,37
61093,Greg,Nike,Nike_Greg@supermail.com,"11111111420",Dallas,38
61188,Jana,Tweny,Tweny_Jana@supermail.com,"11111111421",Moscow,39
61215,Kimi,Doll,Doll_Kimi@supermail.com,"11111111422",NewYork,40
61278,Mary,Triple,Triple_Mary@supermail.com,"11111111423",London,41
61388,Michael,Duck,Duck_Michael@supermail.com,"11111111424",Denver,42
61402,Mosam,Uchi,Uchi_Mosam@supermail.com,"11111111425",Seattle,43
61487,Svetlana,Vernt,Vernt_Svetlana@supermail.com,"11111111426",London,44
61502,Tom,Trulli,Trulli_Tom@supermail.com,"11111111427",Moscow,45
61655,Tommy,Gardi,Gardi_Tommy@supermail.com,"11111111428",Miami,46
61905,Vasil,Dime,Dime_Vasil@supermail.com,"11111111429",Sochi,47
61957,Wendy,Notting,Notting_Wendy@supermail.com,"11111111430",Murmansk,48
62048,Addy,Button,Button_Addy@supermail.com,"11111111431",LosAngeles,49
62094,Alex,Tailor,Tailor_Alex@supermail.com,"11111111432",Rome,50
62400,Amanda,Swift,Swift_Amanda@supermail.com,"11111111433",Riga,51
62527,Any,Orc,Orc_Any@supermail.com,"11111111434",Minsk,52
62567,Diana,Orchi,Orchi_Diana@supermail.com,"11111111435",London,53
62778,Diana,Mellanie,Mellanie_Diana@supermail.com,"11111111436",Moscow,54
62987,Dmitry,Santa,Santa_Dmitry@supermail.com,"11111111437",Munich,55
63023,Franz,Clover,Clover_Franz@supermail.com,"11111111438",Praga,56
63144,Frea,Lime,Lime_Frea@supermail.com,"11111111439",Nice,57
63264,Genger,Pink,Pink_Genger@supermail.com,"11111111440",Paris,58
63281,Georg,Rose,Rose_Georg@supermail.com,"11111111441",Seattle,59
63290,Goldy,Deepblue,Deepblue_Goldy@supermail.com,"11111111442",Miami,60
63317,Greg,Antracit,Antracit_Greg@supermail.com,"11111111443",Moscow,61
63367,Greg,Paprica,Paprica_Greg@supermail.com,"11111111444",Perm,25
63718,Gwen,Chili,Chili_Gwen@supermail.com,"11111111445",Dallas,26
63807,June,Banana,Banana_June@supermail.com,"11111111446",NewYork,27
63934,Kim,Kumkwat,Kumkwat_Kim@supermail.com,"11111111447",London,28
64012,Luis,Dorie,Dorie_Luis@supermail.com,"11111111448",Moscow,29
64338,Tim,Jason,Jason_Tim@supermail.com,"11111111449",Singapore,30
64544,Willy,Fish,Fish_Willy@supermail.com,"11111111450",Dallas,31
64789,Alex,Mellon,Mellon_Alex@supermail.com,"11111111451",Moscow,32
64969,Alex,Orbi,Orbi_Alex@supermail.com,"11111111452",NewYork,33
64995,Atlas,Danten,Danten_Atlas@supermail.com,"11111111453",London,34
65148,Chloe,Izi,Izi_Chloe@supermail.com,"11111111454",Denver,35
65239,Chloe,Uzi,Uzi_Chloe@supermail.com,"11111111455",Seattle,36
65360,Don,Nike,Nike_Don@supermail.com,"11111111456",London,37
65509,Don,Tweny,Tweny_Don@supermail.com,"11111111457",Moscow,38
65607,Donald,Doll,Doll_Donald@supermail.com,"11111111458",Miami,39
65627,Eddy,Triple,Triple_Eddy@supermail.com,"11111111459",Sochi,40
65876,Elly,Duck,Duck_Elly@supermail.com,"11111111460",Murmansk,41
65922,Harold,Uchi,Uchi_Harold@supermail.com,"11111111461",LosAngeles,42
66133,Hasard,Vernt,Vernt_Hasard@supermail.com,"11111111462",Rome,43
66164,Julia,Trulli,Trulli_Julia@supermail.com,"11111111463",Riga,44
66641,July,Gardi,Gardi_July@supermail.com,"11111111464",Minsk,45
66782,Lisa,Dime,Dime_Lisa@supermail.com,"11111111465",London,46
66913,Mary,Notting,Notting_Mary@supermail.com,"11111111466",Moscow,47
67061,Merry,Button,Button_Merry@supermail.com,"11111111467",Munich,48
67186,Oly,Tailor,Tailor_Oly@supermail.com,"11111111468",Praga,49
67298,Robert,Swift,Swift_Robert@supermail.com,"11111111469",Nice,50
67409,Willy,Orc,Orc_Willy@supermail.com,"11111111470",Paris,51
67623,Amanda,Orchi,Orchi_Amanda@supermail.com,"11111111471",Seattle,52
68153,Artur,Mellanie,Mellanie_Artur@supermail.com,"11111111472",Miami,53
68583,Basil,Santa,Santa_Basil@supermail.com,"11111111473",Moscow,54
68933,Eddy,Clover,Clover_Eddy@supermail.com,"11111111474",Perm,55
69172,Georg,Lime,Lime_Georg@supermail.com,"11111111475",Dallas,56
69192,Gwen,Pink,Pink_Gwen@supermail.com,"11111111476",NewYork,57
69431,Jit,Rose,Rose_Jit@supermail.com,"11111111477",London,58
69459,Julia,Deepblue,Deepblue_Julia@supermail.com,"11111111478",Moscow,59
69561,Julia,Antracit,Antracit_Julia@supermail.com,"11111111479",Singapore,60
69657,Maria,Paprica,Paprica_Maria@supermail.com,"11111111480",Dallas,61
69706,Mike,Chili,Chili_Mike@supermail.com,"11111111481",Moscow,30
69922,Oly,Banana,Banana_Oly@supermail.com,"11111111482",NewYork,31
70202,Pavel,Kumkwat,Kumkwat_Pavel@supermail.com,"11111111483",London,32
70203,Sergio,Dorie,Dorie_Sergio@supermail.com,"11111111484",Denver,33
70280,Simon,Jason,Jason_Simon@supermail.com,"11111111485",Seattle,34
70428,Sten,Fish,Fish_Sten@supermail.com,"11111111486",London,35
70484,Tim,Mellon,Mellon_Tim@supermail.com,"11111111487",Moscow,36
70772,Tim,Orbi,Orbi_Tim@supermail.com,"11111111488",Miami,37
70779,Wendy,Danten,Danten_Wendy@supermail.com,"11111111489",Sochi,38
70839,Will,Izi,Izi_Will@supermail.com,"11111111490",Murmansk,39
70949,Alex,Uzi,Uzi_Alex@supermail.com,"11111111491",LosAngeles,40
71270,Atlas,Nike,Nike_Atlas@supermail.com,"11111111492",Rome,41
71290,Clim,Tweny,Tweny_Clim@supermail.com,"11111111493",Riga,42
71686,Den,Doll,Doll_Den@supermail.com,"11111111494",Minsk,43
71931,Dmirty,Triple,Triple_Dmirty@supermail.com,"11111111495",London,44
71974,Elsa,Duck,Duck_Elsa@supermail.com,"11111111496",Moscow,45
71996,Emma,Uchi,Uchi_Emma@supermail.com,"11111111497",Munich,46
72370,Emma,Vernt,Vernt_Emma@supermail.com,"11111111498",Praga,47
72416,Freddy,Trulli,Trulli_Freddy@supermail.com,"11111111499",Nice,48
73729,Freddy,Gardi,Gardi_Freddy@supermail.com,"11111111500",Paris,49
73851,Fredy,Dime,Dime_Fredy@supermail.com,"11111111501",Seattle,50
74035,Gwen,Notting,Notting_Gwen@supermail.com,"11111111502",Miami,51
74121,Ivan,Button,Button_Ivan@supermail.com,"11111111503",Moscow,52
74177,John,Tailor,Tailor_John@supermail.com,"11111111504",Perm,53
74288,Julia,Swift,Swift_Julia@supermail.com,"11111111505",Dallas,54
74366,Olly,Orc,Orc_Olly@supermail.com,"11111111506",NewYork,55
74880,Oly,Orchi,Orchi_Oly@supermail.com,"11111111507",London,56
74915,Sergio,Mellanie,Mellanie_Sergio@supermail.com,"11111111508",Moscow,57
75107,Tom,Santa,Santa_Tom@supermail.com,"11111111509",Singapore,58
75173,William,Clover,Clover_William@supermail.com,"11111111510",Dallas,59
75281,Alex,Lime,Lime_Alex@supermail.com,"11111111511",Moscow,60
75686,Alex,Pink,Pink_Alex@supermail.com,"11111111512",NewYork,61
76062,Artur,Rose,Rose_Artur@supermail.com,"11111111513",London,62
76220,Bill,Deepblue,Deepblue_Bill@supermail.com,"11111111514",Denver,63
76354,Eva,Antracit,Antracit_Eva@supermail.com,"11111111515",Seattle,64
76388,Harold,Paprica,Paprica_Harold@supermail.com,"11111111516",London,65
76435,Harry,Chili,Chili_Harry@supermail.com,"11111111517",Moscow,33
76771,Holy,Banana,Banana_Holy@supermail.com,"11111111518",Miami,34
76842,John,Kumkwat,Kumkwat_John@supermail.com,"11111111519",Sochi,35
76850,Jun,Dorie,Dorie_Jun@supermail.com,"11111111520",Murmansk,36
76937,Luis,Jason,Jason_Luis@supermail.com,"11111111521",LosAngeles,37
77187,Margo,Fish,Fish_Margo@supermail.com,"11111111522",Rome,38
77221,Merry,Mellon,Mellon_Merry@supermail.com,"11111111523",Riga,39
77449,Oleg,Orbi,Orbi_Oleg@supermail.com,"11111111524",Minsk,40
77820,Sergio,Danten,Danten_Sergio@supermail.com,"11111111525",London,41
77896,Sussana,Izi,Izi_Sussana@supermail.com,"11111111526",Moscow,42
78037,Tim,Uzi,Uzi_Tim@supermail.com,"11111111527",Munich,43
78124,Tom,Nike,Nike_Tom@supermail.com,"11111111528",Praga,44
78133,Victor,Tweny,Tweny_Victor@supermail.com,"11111111529",Nice,45
78197,Wendy,Doll,Doll_Wendy@supermail.com,"11111111530",Paris,46
78337,Addy,Triple,Triple_Addy@supermail.com,"11111111531",Seattle,47
78512,Andy,Duck,Duck_Andy@supermail.com,"11111111532",Miami,48
78556,Anna,Uchi,Uchi_Anna@supermail.com,"11111111533",Moscow,49
78747,Chang,Trulli,Trulli_Chang@supermail.com,"11111111535",Dallas,51
78772,Dmitry,Gardi,Gardi_Dmitry@supermail.com,"11111111536",NewYork,52
78820,Dmitry,Dime,Dime_Dmitry@supermail.com,"11111111537",London,53
79150,Donald,Notting,Notting_Donald@supermail.com,"11111111538",Moscow,54
79322,Donny,Button,Button_Donny@supermail.com,"11111111539",Singapore,55
79481,Eddy,Tailor,Tailor_Eddy@supermail.com,"11111111540",Dallas,56
79490,Emma,Swift,Swift_Emma@supermail.com,"11111111541",Miami,57
79523,Genger,Orc,Orc_Genger@supermail.com,"11111111542",Moscow,36
79565,Igor,Orchi,Orchi_Igor@supermail.com,"11111111543",Perm,35
79732,Inna,Mellanie,Mellanie_Inna@supermail.com,"11111111544",Dallas,34
79952,Lisa,Santa,Santa_Lisa@supermail.com,"11111111545",NewYork,33
80087,Serg,Clover,Clover_Serg@supermail.com,"11111111546",London,32
80150,Tom,Lime,Lime_Tom@supermail.com,"11111111547",Moscow,31
80437,William,Pink,Pink_William@supermail.com,"11111111548",Singapore,30
80744,Woddy,Rose,Rose_Woddy@supermail.com,"11111111549",Dallas,29
81091,Zerg,Deepblue,Deepblue_Zerg@supermail.com,"11111111550",Moscow,28
81384,Freddy,Antracit,Antracit_Freddy@supermail.com,"11111111551",Moscow,27
81577,Fredy,Paprica,Paprica_Fredy@supermail.com,"11111111552",NewYork,26
81700,Gwen,Chili,Chili_Gwen@supermail.com,"11111111553",London,25
81971,Ivan,Banana,Banana_Ivan@supermail.com,"11111111554",Denver,24
81994,John,Kumkwat,Kumkwat_John@supermail.com,"11111111555",Seattle,23
82043,Julia,Dorie,Dorie_Julia@supermail.com,"11111111556",London,22
82063,Olly,Jason,Jason_Olly@supermail.com,"11111111557",Moscow,21
82153,Oly,Fish,Fish_Oly@supermail.com,"11111111558",Miami,20
82216,Sergio,Mellon,Mellon_Sergio@supermail.com,"11111111559",Sochi,19
82684,Tom,Orbi,Orbi_Tom@supermail.com,"11111111560",Murmansk,38
82852,William,Danten,Danten_William@supermail.com,"11111111561",LosAngeles,39
82865,Alex,Izi,Izi_Alex@supermail.com,"11111111562",Rome,40
83317,Alex,Uzi,Uzi_Alex@supermail.com,"11111111563",Riga,41
83777,Artur,Nike,Nike_Artur@supermail.com,"11111111564",Minsk,42
83829,Bill,Tweny,Tweny_Bill@supermail.com,"11111111565",London,43
83893,Eva,Doll,Doll_Eva@supermail.com,"11111111566",Moscow,44
83909,Harold,Triple,Triple_Harold@supermail.com,"11111111567",Munich,45
84019,Harry,Duck,Duck_Harry@supermail.com,"11111111568",Praga,46
84064,Holy,Uchi,Uchi_Holy@supermail.com,"11111111569",Nice,47
84241,John,Vernt,Vernt_John@supermail.com,"11111111570",Paris,48
84615,Jun,Trulli,Trulli_Jun@supermail.com,"11111111571",Seattle,49
84768,Luis,Gardi,Gardi_Luis@supermail.com,"11111111572",Miami,50
84815,Margo,Dime,Dime_Margo@supermail.com,"11111111573",Moscow,51
85216,Merry,Notting,Notting_Merry@supermail.com,"11111111574",Perm,52
85324,Oleg,Button,Button_Oleg@supermail.com,"11111111575",Dallas,53
85572,Sergio,Tailor,Tailor_Sergio@supermail.com,"11111111576",NewYork,54
85583,Sussana,Swift,Swift_Sussana@supermail.com,"11111111577",London,55
85832,Tim,Orc,Orc_Tim@supermail.com,"11111111578",Moscow,56
86106,Tom,Orchi,Orchi_Tom@supermail.com,"11111111579",Singapore,57
86945,Victor,Mellanie,Mellanie_Victor@supermail.com,"11111111580",Dallas,58
86990,Wendy,Santa,Santa_Wendy@supermail.com,"11111111581",Moscow,59
87016,Addy,Clover,Clover_Addy@supermail.com,"11111111582",NewYork,60
87117,Andy,Lime,Lime_Andy@supermail.com,"11111111583",London,61
87140,Anna,Pink,Pink_Anna@supermail.com,"11111111584",Denver,62
87320,Atlas,Rose,Rose_Atlas@supermail.com,"11111111585",Seattle,63
87414,Chang,Deepblue,Deepblue_Chang@supermail.com,"11111111586",London,64
87523,Dmitry,Antracit,Antracit_Dmitry@supermail.com,"11111111587",Moscow,65
87688,Dmitry,Paprica,Paprica_Dmitry@supermail.com,"11111111588",Miami,66
87760,Donald,Chili,Chili_Donald@supermail.com,"11111111589",Sochi,67
87889,Donny,Banana,Banana_Donny@supermail.com,"11111111590",Murmansk,68
88345,Eddy,Kumkwat,Kumkwat_Eddy@supermail.com,"11111111591",LosAngeles,69
88359,Emma,Dorie,Dorie_Emma@supermail.com,"11111111592",Rome,70
88761,Genger,Jason,Jason_Genger@supermail.com,"11111111593",Riga,71
89380,Igor,Fish,Fish_Igor@supermail.com,"11111111594",Minsk,45
89462,Inna,Mellon,Mellon_Inna@supermail.com,"11111111595",London,46
89487,Lisa,Orbi,Orbi_Lisa@supermail.com,"11111111596",Moscow,47
89690,Serg,Danten,Danten_Serg@supermail.com,"11111111597",Munich,48
89803,Tom,Izi,Izi_Tom@supermail.com,"11111111598",Praga,49
89977,William,Uzi,Uzi_William@supermail.com,"11111111599",Nice,50
90291,Woddy,Nike,Nike_Woddy@supermail.com,"11111111600",Paris,51
90507,Zerg,Tweny,Tweny_Zerg@supermail.com,"11111111601",Seattle,52
90616,Freddy,Doll,Doll_Freddy@supermail.com,"11111111602",Miami,53
90810,Fredy,Triple,Triple_Fredy@supermail.com,"11111111603",Moscow,54
91056,Gwen,Duck,Duck_Gwen@supermail.com,"11111111604",Perm,55
91084,Ivan,Uchi,Uchi_Ivan@supermail.com,"11111111605",Dallas,56
91296,John,Vernt,Vernt_John@supermail.com,"11111111606",NewYork,57
91508,Julia,Trulli,Trulli_Julia@supermail.com,"11111111607",London,18
91571,Olly,Gardi,Gardi_Olly@supermail.com,"11111111608",Moscow,19
91613,Oly,Dime,Dime_Oly@supermail.com,"11111111609",Singapore,20
91619,Sergio,Notting,Notting_Sergio@supermail.com,"11111111610",Dallas,21
91652,Tom,Button,Button_Tom@supermail.com,"11111111611",Moscow,22
91669,William,Tailor,Tailor_William@supermail.com,"11111111612",NewYork,23
91874,Alex,Swift,Swift_Alex@supermail.com,"11111111613",London,24
91883,Artur,Orchi,Orchi_Artur@supermail.com,"11111111615",Seattle,26
91999,Bill,Mellanie,Mellanie_Bill@supermail.com,"11111111616",London,27
92453,Eva,Santa,Santa_Eva@supermail.com,"11111111617",Moscow,28
92465,Harold,Clover,Clover_Harold@supermail.com,"11111111618",Miami,29
92605,Harry,Lime,Lime_Harry@supermail.com,"11111111619",Sochi,30
92932,Holy,Pink,Pink_Holy@supermail.com,"11111111620",Murmansk,31
93095,John,Rose,Rose_John@supermail.com,"11111111621",LosAngeles,32
93218,Jun,Deepblue,Deepblue_Jun@supermail.com,"11111111622",Rome,33
93342,Luis,Antracit,Antracit_Luis@supermail.com,"11111111623",Riga,34
93360,Margo,Paprica,Paprica_Margo@supermail.com,"11111111624",Minsk,35
93377,Merry,Chili,Chili_Merry@supermail.com,"11111111625",London,36
93392,Oleg,Banana,Banana_Oleg@supermail.com,"11111111626",Moscow,37
93564,Sergio,Kumkwat,Kumkwat_Sergio@supermail.com,"11111111627",Munich,38
94004,Sussana,Dorie,Dorie_Sussana@supermail.com,"11111111628",Praga,39
94024,Tim,Jason,Jason_Tim@supermail.com,"11111111629",Nice,40
94692,Tom,Fish,Fish_Tom@supermail.com,"11111111630",Paris,41
94730,Victor,Mellon,Mellon_Victor@supermail.com,"11111111631",Seattle,42
95042,Wendy,Orbi,Orbi_Wendy@supermail.com,"11111111632",Miami,43
95186,Addy,Danten,Danten_Addy@supermail.com,"11111111633",Moscow,44
95354,Andy,Izi,Izi_Andy@supermail.com,"11111111634",Perm,45
95558,Anna,Uzi,Uzi_Anna@supermail.com,"11111111635",Dallas,46
95813,Atlas,Nike,Nike_Atlas@supermail.com,"11111111636",NewYork,47
96702,Chang,Tweny,Tweny_Chang@supermail.com,"11111111637",London,48
97001,Dmitry,Doll,Doll_Dmitry@supermail.com,"11111111638",Moscow,49
97587,Dmitry,Triple,Triple_Dmitry@supermail.com,"11111111639",Singapore,50
97681,Donald,Duck,Duck_Donald@supermail.com,"11111111640",Dallas,51
98058,Donny,Uchi,Uchi_Donny@supermail.com,"11111111641",Moscow,52
98186,Eddy,Vernt,Vernt_Eddy@supermail.com,"11111111642",NewYork,53
98311,Emma,Trulli,Trulli_Emma@supermail.com,"11111111643",London,54
98364,Genger,Gardi,Gardi_Genger@supermail.com,"11111111644",Denver,55
98404,Igor,Dime,Dime_Igor@supermail.com,"11111111645",Seattle,56
98434,Inna,Notting,Notting_Inna@supermail.com,"11111111646",London,57
98597,Lisa,Button,Button_Lisa@supermail.com,"11111111647",Moscow,58
98804,Serg,Tailor,Tailor_Serg@supermail.com,"11111111648",Miami,59
99229,Tom,Swift,Swift_Tom@supermail.com,"11111111649",Sochi,60
99340,William,Orc,Orc_William@supermail.com,"11111111650",Murmansk,61
99452,Woddy,Orchi,Orchi_Woddy@supermail.com,"11111111651",LosAngeles,62
99464,Zerg,Mellanie,Mellanie_Zerg@supermail.com,"11111111652",Rome,63
99771,Serg,Santa,Santa_Serg@supermail.com,"11111111653",Riga,64
